{
  "brain": {
    "trrust": {
      "L0": 0.7205357142857144,
      "L1": 0.7206632653061226,
      "L2": 0.7176020408163266,
      "L3": 0.7188775510204083,
      "L4": 0.7188775510204083,
      "L5": 0.7204081632653061,
      "L6": 0.7150510204081634,
      "L7": 0.7149234693877552,
      "L8": 0.7164540816326531,
      "L9": 0.7141581632653062,
      "L10": 0.7156887755102042,
      "L11": 0.7135204081632653,
      "all_mean": 0.7174744897959184
    },
    "dorothea": {
      "L0": 0.8434661907594686,
      "L1": 0.838644325467645,
      "L2": 0.8417972106550334,
      "L3": 0.843697534536321,
      "L4": 0.8449104369092473,
      "L5": 0.8440346354683059,
      "L6": 0.8438660850023135,
      "L7": 0.8446724833101991,
      "L8": 0.8451021217529249,
      "L9": 0.8455615043955318,
      "L10": 0.8438132064247472,
      "L11": 0.8434595809372729,
      "all_mean": 0.8436347412254611
    }
  },
  "kidney": {
    "trrust": {
      "L0": 0.7135204081632653,
      "L1": 0.7158163265306123,
      "L2": 0.7133928571428573,
      "L3": 0.7156887755102042,
      "L4": 0.7193877551020409,
      "L5": 0.7196428571428573,
      "L6": 0.7173469387755103,
      "L7": 0.7168367346938777,
      "L8": 0.7168367346938777,
      "L9": 0.7159438775510205,
      "L10": 0.7173469387755103,
      "L11": 0.7174744897959184,
      "all_mean": 0.7161989795918369
    },
    "dorothea": {
      "L0": 0.8403265252164718,
      "L1": 0.8425771696741359,
      "L2": 0.8424383634080244,
      "L3": 0.8429175755172187,
      "L4": 0.8430927358054069,
      "L5": 0.8426168286073106,
      "L6": 0.8440511600237954,
      "L7": 0.8444080904223678,
      "L8": 0.8446857029545906,
      "L9": 0.8442791988895499,
      "L10": 0.8440048912684249,
      "L11": 0.8441337828012427,
      "all_mean": 0.8430431621389385
    }
  },
  "whole_human": {
    "trrust": {
      "L0": 0.7165816326530613,
      "L1": 0.7110969387755103,
      "L2": 0.7135204081632653,
      "L3": 0.7176020408163266,
      "L4": 0.7172193877551021,
      "L5": 0.7168367346938777,
      "L6": 0.7177295918367348,
      "L7": 0.716326530612245,
      "L8": 0.7159438775510205,
      "L9": 0.7160714285714288,
      "L10": 0.7160714285714287,
      "L11": 0.717091836734694,
      "all_mean": 0.7159438775510205
    },
    "dorothea": {
      "L0": 0.84105030074691,
      "L1": 0.8401282305505982,
      "L2": 0.8404884658602685,
      "L3": 0.8431290898274837,
      "L4": 0.8436446559587548,
      "L5": 0.8435719479146012,
      "L6": 0.8442791988895499,
      "L7": 0.8440445502015996,
      "L8": 0.843912353757684,
      "L9": 0.8419789807654174,
      "L10": 0.8417046731442925,
      "L11": 0.8432943353823783,
      "all_mean": 0.8423755700971645
    }
  }
}