{
  "experiment": "cssi_cross_dataset_validation_scgpt",
  "model": "scGPT brain checkpoint",
  "n_cells_total": 497,
  "n_cells_a": 248,
  "n_cells_b": 249,
  "n_genes_a": 1455,
  "n_genes_b": 1458,
  "n_layers": 12,
  "trrust_edges": 8427,
  "layer_auroc_half_a": {
    "0": 0.6207683698046115,
    "1": 0.5966386455316972,
    "2": 0.4608021404403403,
    "3": 0.5382392220889233,
    "4": 0.6100279195063592,
    "5": 0.5433710533041273,
    "6": 0.531452252751772,
    "7": 0.4761142828691348,
    "8": 0.5021853499443327,
    "9": 0.5581828619341453,
    "10": 0.6079084804427164,
    "11": 0.5940514095809466
  },
  "layer_auroc_half_b": {
    "0": 0.6467412830075172,
    "1": 0.604283025318586,
    "2": 0.44650821220683273,
    "3": 0.5085690948072961,
    "4": 0.5663731779809281,
    "5": 0.4888167371751214,
    "6": 0.4722638703401117,
    "7": 0.4249587132247555,
    "8": 0.43828408847669503,
    "9": 0.546230012368641,
    "10": 0.643999786385038,
    "11": 0.620513002642657
  },
  "best_layers_a": [
    0,
    4,
    10
  ],
  "best_layers_b": [
    0,
    10,
    11
  ],
  "layer_overlap": 2,
  "cross_ab": {
    "0": {
      "train_auroc": 0.6207683698046115,
      "test_auroc": 0.6467412830075172
    },
    "4": {
      "train_auroc": 0.6100279195063592,
      "test_auroc": 0.5663731779809281
    },
    "10": {
      "train_auroc": 0.6079084804427164,
      "test_auroc": 0.643999786385038
    }
  },
  "cross_ba": {
    "0": {
      "train_auroc": 0.6467412830075172,
      "test_auroc": 0.6207683698046115
    },
    "10": {
      "train_auroc": 0.643999786385038,
      "test_auroc": 0.6079084804427164
    },
    "11": {
      "train_auroc": 0.620513002642657,
      "test_auroc": 0.5940514095809466
    }
  },
  "best_a_mean_on_b": 0.6190380824578278,
  "random_baseline_mean": 0.5391558862623884,
  "random_baseline_std": 0.039732788383103186,
  "improvement": 0.07988219619543935,
  "z_score": 2.010485532130691,
  "elapsed_seconds": 839.582674741745
}