{
  "200_cells": {
    "n_edges": 50,
    "top_edge_weights": [
      0.0071689492993027674,
      0.006707870390746393,
      0.006639349210599903,
      0.0065163278397994875,
      0.006481370817964489,
      0.0064462919485959,
      0.006428666367191908,
      0.0064147203935135625,
      0.006398525483837148,
      0.006392211503989529
    ],
    "attention_sparsity": 0.0,
    "attention_max": 0.00785765486449236,
    "attention_mean": 0.0014991290463678567
  },
  "500_cells": {
    "n_edges": 50,
    "top_edge_weights": [
      0.006940226347622229,
      0.0067083312332542845,
      0.006544761186924006,
      0.00645917640755215,
      0.0064144268230302256,
      0.006412998814848834,
      0.006366803077100485,
      0.006342045146011515,
      0.006333870825183112,
      0.006333560079794551
    ],
    "attention_sparsity": 0.0,
    "attention_max": 0.007834568113757996,
    "attention_mean": 0.0014931827582867062
  }
}